{"cameraMode":{"drawMode":0,"name":"Shaded","section":"Shading Mode"},"sceneLighting":true,"audioPlay":false,"sceneViewState":{"showFog":false,"showMaterialUpdate":false,"showSkybox":false,"showFlares":false,"showImageEffects":false,"showParticleSystems":false},"in2DMode":false,"pivot":{"x":19.608366012573243,"y":0.6321611404418945,"z":-18.382089614868165},"rotation":{"x":0.24814310669898988,"y":-0.018892955034971238,"z":0.004839751869440079,"w":0.9685339331626892},"size":10.609967231750489,"orthographic":false}